market,perturbation,activity_bin,E_R,v_sum,n_obs,delta_pi,delta_logBF
culture-epstein-or-maxwell-confirmed-mossad-opperatives-in-2025,round_decimals_3,"(172008.625, 440985.313]",False,204911.344851,4401,0.0,0.0
culture-epstein-or-maxwell-confirmed-mossad-opperatives-in-2025,downsample_k_2,"(172008.625, 440985.313]",False,204911.344851,4401,0.0,0.0
culture-epstein-or-maxwell-confirmed-mossad-opperatives-in-2025,downsample_k_5,"(172008.625, 440985.313]",False,204911.344851,4401,0.0,0.0
culture-epstein-or-maxwell-confirmed-mossad-opperatives-in-2025,downsample_k_10,"(172008.625, 440985.313]",False,204911.344851,4401,0.0,0.0
culture-epstein-or-maxwell-confirmed-mossad-opperatives-in-2025,logodds_noise_sigma_0.05,"(172008.625, 440985.313]",False,204911.344851,4401,0.0,0.0
culture-epstein-or-maxwell-confirmed-mossad-opperatives-in-2025,logodds_noise_sigma_0.1,"(172008.625, 440985.313]",False,204911.344851,4401,0.0,0.0
culture-epstein-or-maxwell-confirmed-mossad-opperatives-in-2025,volume_mult_sigma_0.1,"(172008.625, 440985.313]",False,204911.344851,4401,0.0,0.0
culture-epstein-or-maxwell-confirmed-mossad-opperatives-in-2025,volume_mult_sigma_0.25,"(172008.625, 440985.313]",False,204911.344851,4401,0.0,0.0
culture-gta-vi-released-in-2025,round_decimals_3,"(440985.313, 1408240527.302]",False,49442085.583783016,7859,0.0,0.0
culture-gta-vi-released-in-2025,downsample_k_2,"(440985.313, 1408240527.302]",False,49442085.583783016,7859,0.0,0.0
culture-gta-vi-released-in-2025,downsample_k_5,"(440985.313, 1408240527.302]",False,49442085.583783016,7859,0.0,0.0
culture-gta-vi-released-in-2025,downsample_k_10,"(440985.313, 1408240527.302]",False,49442085.583783016,7859,0.001,0.40646761445779056
culture-gta-vi-released-in-2025,logodds_noise_sigma_0.05,"(440985.313, 1408240527.302]",False,49442085.583783016,7859,7.749339119240539e-06,0.002587555224699223
culture-gta-vi-released-in-2025,logodds_noise_sigma_0.1,"(440985.313, 1408240527.302]",False,49442085.583783016,7859,0.0006068582221383147,0.18483367576880116
culture-gta-vi-released-in-2025,volume_mult_sigma_0.1,"(440985.313, 1408240527.302]",False,49442085.583783016,7859,0.0,0.0
culture-gta-vi-released-in-2025,volume_mult_sigma_0.25,"(440985.313, 1408240527.302]",False,49442085.583783016,7859,0.0,0.0
culture-jd-vance-baby-boy-or-girl,round_decimals_3,"(565.063, 172008.625]",False,20874.927726,127,0.0,0.0
culture-jd-vance-baby-boy-or-girl,downsample_k_2,"(565.063, 172008.625]",False,20874.927726,127,0.0,0.0
culture-jd-vance-baby-boy-or-girl,downsample_k_5,"(565.063, 172008.625]",False,20874.927726,127,0.0,0.0
culture-jd-vance-baby-boy-or-girl,downsample_k_10,"(565.063, 172008.625]",False,20874.927726,127,0.0,0.0
culture-jd-vance-baby-boy-or-girl,logodds_noise_sigma_0.05,"(565.063, 172008.625]",False,20874.927726,127,4.606971979459473e-07,5.8049904272827746e-05
culture-jd-vance-baby-boy-or-girl,logodds_noise_sigma_0.1,"(565.063, 172008.625]",False,20874.927726,127,0.0004343066814811447,0.05625526379829715
culture-jd-vance-baby-boy-or-girl,volume_mult_sigma_0.1,"(565.063, 172008.625]",False,20874.927726,127,0.0,0.0
culture-jd-vance-baby-boy-or-girl,volume_mult_sigma_0.25,"(565.063, 172008.625]",False,20874.927726,127,0.0,0.0
culture-major-meteor-strike-10kt-in-2025,round_decimals_3,"(565.063, 172008.625]",False,124851.74843900002,5272,0.0,0.0
culture-major-meteor-strike-10kt-in-2025,downsample_k_2,"(565.063, 172008.625]",False,124851.74843900002,5272,0.0,0.0
culture-major-meteor-strike-10kt-in-2025,downsample_k_5,"(565.063, 172008.625]",False,124851.74843900002,5272,0.0,0.0
culture-major-meteor-strike-10kt-in-2025,downsample_k_10,"(565.063, 172008.625]",False,124851.74843900002,5272,0.0,0.0
culture-major-meteor-strike-10kt-in-2025,logodds_noise_sigma_0.05,"(565.063, 172008.625]",False,124851.74843900002,5272,0.0,0.0
culture-major-meteor-strike-10kt-in-2025,logodds_noise_sigma_0.1,"(565.063, 172008.625]",False,124851.74843900002,5272,4.433474131523143e-08,0.043380115847023504
culture-major-meteor-strike-10kt-in-2025,volume_mult_sigma_0.1,"(565.063, 172008.625]",False,124851.74843900002,5272,0.0,0.0
culture-major-meteor-strike-10kt-in-2025,volume_mult_sigma_0.25,"(565.063, 172008.625]",False,124851.74843900002,5272,0.0,0.0
culture-trump-confirmed-to-be-satoshi-by-december-31,round_decimals_3,"(172008.625, 440985.313]",False,192900.28835699998,1989,0.0,0.0
culture-trump-confirmed-to-be-satoshi-by-december-31,downsample_k_2,"(172008.625, 440985.313]",False,192900.28835699998,1989,0.0,0.0
culture-trump-confirmed-to-be-satoshi-by-december-31,downsample_k_5,"(172008.625, 440985.313]",False,192900.28835699998,1989,0.0,0.0
culture-trump-confirmed-to-be-satoshi-by-december-31,downsample_k_10,"(172008.625, 440985.313]",False,192900.28835699998,1989,0.0,0.0
culture-trump-confirmed-to-be-satoshi-by-december-31,logodds_noise_sigma_0.05,"(172008.625, 440985.313]",False,192900.28835699998,1989,2.485671263311251e-08,0.024552835122158
culture-trump-confirmed-to-be-satoshi-by-december-31,logodds_noise_sigma_0.1,"(172008.625, 440985.313]",False,192900.28835699998,1989,0.0,0.0
culture-trump-confirmed-to-be-satoshi-by-december-31,volume_mult_sigma_0.1,"(172008.625, 440985.313]",False,192900.28835699998,1989,0.0,0.0
culture-trump-confirmed-to-be-satoshi-by-december-31,volume_mult_sigma_0.25,"(172008.625, 440985.313]",False,192900.28835699998,1989,0.0,0.0
culture-trump-divorce-in-2025,round_decimals_3,"(565.063, 172008.625]",False,68802.288749,8469,0.0,0.0
culture-trump-divorce-in-2025,downsample_k_2,"(565.063, 172008.625]",False,68802.288749,8469,0.0,0.0
culture-trump-divorce-in-2025,downsample_k_5,"(565.063, 172008.625]",False,68802.288749,8469,0.0,0.0
culture-trump-divorce-in-2025,downsample_k_10,"(565.063, 172008.625]",False,68802.288749,8469,0.0,0.0
culture-trump-divorce-in-2025,logodds_noise_sigma_0.05,"(565.063, 172008.625]",False,68802.288749,8469,0.0002366593467870992,0.061224908137374356
culture-trump-divorce-in-2025,logodds_noise_sigma_0.1,"(565.063, 172008.625]",False,68802.288749,8469,0.00032986557724390235,0.07957338109042755
culture-trump-divorce-in-2025,volume_mult_sigma_0.1,"(565.063, 172008.625]",False,68802.288749,8469,0.0,0.0
culture-trump-divorce-in-2025,volume_mult_sigma_0.25,"(565.063, 172008.625]",False,68802.288749,8469,0.0,0.0
culture-will-an-fbi-top-ten-most-wanted-fugitive-be-captured-by-june-2026,round_decimals_3,"(565.063, 172008.625]",False,38365.417268,1746,0.0,0.0
culture-will-an-fbi-top-ten-most-wanted-fugitive-be-captured-by-june-2026,downsample_k_2,"(565.063, 172008.625]",False,38365.417268,1746,0.010000000000000009,0.07260081286315057
culture-will-an-fbi-top-ten-most-wanted-fugitive-be-captured-by-june-2026,downsample_k_5,"(565.063, 172008.625]",False,38365.417268,1746,0.0,0.0
culture-will-an-fbi-top-ten-most-wanted-fugitive-be-captured-by-june-2026,downsample_k_10,"(565.063, 172008.625]",False,38365.417268,1746,0.020000000000000018,0.14188058723544406
culture-will-an-fbi-top-ten-most-wanted-fugitive-be-captured-by-june-2026,logodds_noise_sigma_0.05,"(565.063, 172008.625]",False,38365.417268,1746,0.0017443815653510608,0.013036742777801757
culture-will-an-fbi-top-ten-most-wanted-fugitive-be-captured-by-june-2026,logodds_noise_sigma_0.1,"(565.063, 172008.625]",False,38365.417268,1746,0.0020676245972877094,0.015304360903837244
culture-will-an-fbi-top-ten-most-wanted-fugitive-be-captured-by-june-2026,volume_mult_sigma_0.1,"(565.063, 172008.625]",False,38365.417268,1746,0.0,0.0
culture-will-an-fbi-top-ten-most-wanted-fugitive-be-captured-by-june-2026,volume_mult_sigma_0.25,"(565.063, 172008.625]",False,38365.417268,1746,0.0,0.0
culture-will-cz-return-to-binance-by-december-31,round_decimals_3,"(172008.625, 440985.313]",False,294162.83409899997,2831,0.0,0.0
culture-will-cz-return-to-binance-by-december-31,downsample_k_2,"(172008.625, 440985.313]",False,294162.83409899997,2831,0.0,0.0
culture-will-cz-return-to-binance-by-december-31,downsample_k_5,"(172008.625, 440985.313]",False,294162.83409899997,2831,0.0,0.0
culture-will-cz-return-to-binance-by-december-31,downsample_k_10,"(172008.625, 440985.313]",False,294162.83409899997,2831,0.0,0.0
culture-will-cz-return-to-binance-by-december-31,logodds_noise_sigma_0.05,"(172008.625, 440985.313]",False,294162.83409899997,2831,6.263582763756906e-05,0.06081515191421705
culture-will-cz-return-to-binance-by-december-31,logodds_noise_sigma_0.1,"(172008.625, 440985.313]",False,294162.83409899997,2831,4.834053949259449e-05,0.047256865479676335
culture-will-cz-return-to-binance-by-december-31,volume_mult_sigma_0.1,"(172008.625, 440985.313]",False,294162.83409899997,2831,0.0,0.0
culture-will-cz-return-to-binance-by-december-31,volume_mult_sigma_0.25,"(172008.625, 440985.313]",False,294162.83409899997,2831,0.0,0.0
culture-will-trump-and-machado-share-the-nobel-peace-prize,round_decimals_3,"(440985.313, 1408240527.302]",False,28307380.328721378,453,0.0,0.0
culture-will-trump-and-machado-share-the-nobel-peace-prize,downsample_k_2,"(440985.313, 1408240527.302]",False,28307380.328721378,453,0.0,0.0
culture-will-trump-and-machado-share-the-nobel-peace-prize,downsample_k_5,"(440985.313, 1408240527.302]",False,28307380.328721378,453,0.0,0.0
culture-will-trump-and-machado-share-the-nobel-peace-prize,downsample_k_10,"(440985.313, 1408240527.302]",False,28307380.328721378,453,0.0,0.0
culture-will-trump-and-machado-share-the-nobel-peace-prize,logodds_noise_sigma_0.05,"(440985.313, 1408240527.302]",False,28307380.328721378,453,0.00012613256392268735,0.01577072715076344
culture-will-trump-and-machado-share-the-nobel-peace-prize,logodds_noise_sigma_0.1,"(440985.313, 1408240527.302]",False,28307380.328721378,453,0.0009170636938732324,0.10945005536341235
culture-will-trump-and-machado-share-the-nobel-peace-prize,volume_mult_sigma_0.1,"(440985.313, 1408240527.302]",False,28307380.328721378,453,0.0,0.0
culture-will-trump-and-machado-share-the-nobel-peace-prize,volume_mult_sigma_0.25,"(440985.313, 1408240527.302]",False,28307380.328721378,453,0.0,0.0
culture-will-trump-remove-his-rob-reiner-post,round_decimals_3,"(172008.625, 440985.313]",False,265077.381811,927,0.0,0.0
culture-will-trump-remove-his-rob-reiner-post,downsample_k_2,"(172008.625, 440985.313]",False,265077.381811,927,0.0,0.0
culture-will-trump-remove-his-rob-reiner-post,downsample_k_5,"(172008.625, 440985.313]",False,265077.381811,927,0.0,0.0
culture-will-trump-remove-his-rob-reiner-post,downsample_k_10,"(172008.625, 440985.313]",False,265077.381811,927,0.0,0.0
culture-will-trump-remove-his-rob-reiner-post,logodds_noise_sigma_0.05,"(172008.625, 440985.313]",False,265077.381811,927,1.0285068444722677e-07,0.0978984617438492
culture-will-trump-remove-his-rob-reiner-post,logodds_noise_sigma_0.1,"(172008.625, 440985.313]",False,265077.381811,927,0.0,0.0
culture-will-trump-remove-his-rob-reiner-post,volume_mult_sigma_0.1,"(172008.625, 440985.313]",False,265077.381811,927,0.0,0.0
culture-will-trump-remove-his-rob-reiner-post,volume_mult_sigma_0.25,"(172008.625, 440985.313]",False,265077.381811,927,0.0,0.0
culture-will-zelenskyy-wear-a-suit-and-tie-at-the-world-economic-forum,round_decimals_3,"(440985.313, 1408240527.302]",False,726805.094678,149,0.0,0.0
culture-will-zelenskyy-wear-a-suit-and-tie-at-the-world-economic-forum,downsample_k_2,"(440985.313, 1408240527.302]",False,726805.094678,149,0.0,0.0
culture-will-zelenskyy-wear-a-suit-and-tie-at-the-world-economic-forum,downsample_k_5,"(440985.313, 1408240527.302]",False,726805.094678,149,0.0,0.0
culture-will-zelenskyy-wear-a-suit-and-tie-at-the-world-economic-forum,downsample_k_10,"(440985.313, 1408240527.302]",False,726805.094678,149,0.0,0.0
culture-will-zelenskyy-wear-a-suit-and-tie-at-the-world-economic-forum,logodds_noise_sigma_0.05,"(440985.313, 1408240527.302]",False,726805.094678,149,8.203995530489672e-05,0.07893023246093112
culture-will-zelenskyy-wear-a-suit-and-tie-at-the-world-economic-forum,logodds_noise_sigma_0.1,"(440985.313, 1408240527.302]",False,726805.094678,149,4.291069383145513e-06,0.004304597799496435
culture-will-zelenskyy-wear-a-suit-and-tie-at-the-world-economic-forum,volume_mult_sigma_0.1,"(440985.313, 1408240527.302]",False,726805.094678,149,0.0,0.0
culture-will-zelenskyy-wear-a-suit-and-tie-at-the-world-economic-forum,volume_mult_sigma_0.25,"(440985.313, 1408240527.302]",False,726805.094678,149,0.0,0.0
geopolitics-china-x-japan-sever-diplomatic-relations-in-2025,round_decimals_3,"(172008.625, 440985.313]",False,178177.792941,1507,0.0,0.0
geopolitics-china-x-japan-sever-diplomatic-relations-in-2025,downsample_k_2,"(172008.625, 440985.313]",False,178177.792941,1507,0.0,0.0
geopolitics-china-x-japan-sever-diplomatic-relations-in-2025,downsample_k_5,"(172008.625, 440985.313]",False,178177.792941,1507,0.0,0.0
geopolitics-china-x-japan-sever-diplomatic-relations-in-2025,downsample_k_10,"(172008.625, 440985.313]",False,178177.792941,1507,0.0,0.0
geopolitics-china-x-japan-sever-diplomatic-relations-in-2025,logodds_noise_sigma_0.05,"(172008.625, 440985.313]",False,178177.792941,1507,1.6377584775210657e-08,0.01624493505166491
geopolitics-china-x-japan-sever-diplomatic-relations-in-2025,logodds_noise_sigma_0.1,"(172008.625, 440985.313]",False,178177.792941,1507,0.0,0.0
geopolitics-china-x-japan-sever-diplomatic-relations-in-2025,volume_mult_sigma_0.1,"(172008.625, 440985.313]",False,178177.792941,1507,0.0,0.0
geopolitics-china-x-japan-sever-diplomatic-relations-in-2025,volume_mult_sigma_0.25,"(172008.625, 440985.313]",False,178177.792941,1507,0.0,0.0
geopolitics-foreign-intervention-in-gaza-in-2025,round_decimals_3,"(565.063, 172008.625]",False,119620.327728,2266,0.0,0.0
geopolitics-foreign-intervention-in-gaza-in-2025,downsample_k_2,"(565.063, 172008.625]",False,119620.327728,2266,0.0,0.0
geopolitics-foreign-intervention-in-gaza-in-2025,downsample_k_5,"(565.063, 172008.625]",False,119620.327728,2266,0.0,0.0
geopolitics-foreign-intervention-in-gaza-in-2025,downsample_k_10,"(565.063, 172008.625]",False,119620.327728,2266,0.0,0.0
geopolitics-foreign-intervention-in-gaza-in-2025,logodds_noise_sigma_0.05,"(565.063, 172008.625]",False,119620.327728,2266,0.0,0.0
geopolitics-foreign-intervention-in-gaza-in-2025,logodds_noise_sigma_0.1,"(565.063, 172008.625]",False,119620.327728,2266,0.0,0.0
geopolitics-foreign-intervention-in-gaza-in-2025,volume_mult_sigma_0.1,"(565.063, 172008.625]",False,119620.327728,2266,0.0,0.0
geopolitics-foreign-intervention-in-gaza-in-2025,volume_mult_sigma_0.25,"(565.063, 172008.625]",False,119620.327728,2266,0.0,0.0
geopolitics-maduro-in-us-custody-by-december-31,round_decimals_3,"(172008.625, 440985.313]",False,378652.12424399995,1548,0.0,0.0
geopolitics-maduro-in-us-custody-by-december-31,downsample_k_2,"(172008.625, 440985.313]",False,378652.12424399995,1548,0.0,0.0
geopolitics-maduro-in-us-custody-by-december-31,downsample_k_5,"(172008.625, 440985.313]",False,378652.12424399995,1548,0.0,0.0
geopolitics-maduro-in-us-custody-by-december-31,downsample_k_10,"(172008.625, 440985.313]",False,378652.12424399995,1548,0.0,0.0
geopolitics-maduro-in-us-custody-by-december-31,logodds_noise_sigma_0.05,"(172008.625, 440985.313]",False,378652.12424399995,1548,5.3733022001204636e-08,0.05233917195732829
geopolitics-maduro-in-us-custody-by-december-31,logodds_noise_sigma_0.1,"(172008.625, 440985.313]",False,378652.12424399995,1548,0.0,0.0
geopolitics-maduro-in-us-custody-by-december-31,volume_mult_sigma_0.1,"(172008.625, 440985.313]",False,378652.12424399995,1548,0.0,0.0
geopolitics-maduro-in-us-custody-by-december-31,volume_mult_sigma_0.25,"(172008.625, 440985.313]",False,378652.12424399995,1548,0.0,0.0
geopolitics-russia-strike-on-kyiv-municipality-by-december-31-684,round_decimals_3,"(565.063, 172008.625]",False,137591.518898,691,0.0,0.0
geopolitics-russia-strike-on-kyiv-municipality-by-december-31-684,downsample_k_2,"(565.063, 172008.625]",False,137591.518898,691,0.0,0.0
geopolitics-russia-strike-on-kyiv-municipality-by-december-31-684,downsample_k_5,"(565.063, 172008.625]",False,137591.518898,691,0.0,0.0
geopolitics-russia-strike-on-kyiv-municipality-by-december-31-684,downsample_k_10,"(565.063, 172008.625]",False,137591.518898,691,0.0,0.0
geopolitics-russia-strike-on-kyiv-municipality-by-december-31-684,logodds_noise_sigma_0.05,"(565.063, 172008.625]",False,137591.518898,691,0.0,0.0
geopolitics-russia-strike-on-kyiv-municipality-by-december-31-684,logodds_noise_sigma_0.1,"(565.063, 172008.625]",False,137591.518898,691,8.423948498229696e-09,0.008388673480155262
geopolitics-russia-strike-on-kyiv-municipality-by-december-31-684,volume_mult_sigma_0.1,"(565.063, 172008.625]",False,137591.518898,691,0.0,0.0
geopolitics-russia-strike-on-kyiv-municipality-by-december-31-684,volume_mult_sigma_0.25,"(565.063, 172008.625]",False,137591.518898,691,0.0,0.0
geopolitics-will-hezbollah-to-disarm-before-in-2025,round_decimals_3,"(440985.313, 1408240527.302]",False,1385135.5099590002,4099,0.0,0.0
geopolitics-will-hezbollah-to-disarm-before-in-2025,downsample_k_2,"(440985.313, 1408240527.302]",False,1385135.5099590002,4099,0.0,0.0
geopolitics-will-hezbollah-to-disarm-before-in-2025,downsample_k_5,"(440985.313, 1408240527.302]",False,1385135.5099590002,4099,0.0,0.0
geopolitics-will-hezbollah-to-disarm-before-in-2025,downsample_k_10,"(440985.313, 1408240527.302]",False,1385135.5099590002,4099,0.0,0.0
geopolitics-will-hezbollah-to-disarm-before-in-2025,logodds_noise_sigma_0.05,"(440985.313, 1408240527.302]",False,1385135.5099590002,4099,0.0,0.0
geopolitics-will-hezbollah-to-disarm-before-in-2025,logodds_noise_sigma_0.1,"(440985.313, 1408240527.302]",False,1385135.5099590002,4099,0.0,0.0
geopolitics-will-hezbollah-to-disarm-before-in-2025,volume_mult_sigma_0.1,"(440985.313, 1408240527.302]",False,1385135.5099590002,4099,0.0,0.0
geopolitics-will-hezbollah-to-disarm-before-in-2025,volume_mult_sigma_0.25,"(440985.313, 1408240527.302]",False,1385135.5099590002,4099,0.0,0.0
geopolitics-will-iran-withdraw-from-the-npt-in-2025,round_decimals_3,"(565.063, 172008.625]",False,108982.87647799999,4060,0.0,0.0
geopolitics-will-iran-withdraw-from-the-npt-in-2025,downsample_k_2,"(565.063, 172008.625]",False,108982.87647799999,4060,0.0,0.0
geopolitics-will-iran-withdraw-from-the-npt-in-2025,downsample_k_5,"(565.063, 172008.625]",False,108982.87647799999,4060,0.0,0.0
geopolitics-will-iran-withdraw-from-the-npt-in-2025,downsample_k_10,"(565.063, 172008.625]",False,108982.87647799999,4060,0.0,0.0
geopolitics-will-iran-withdraw-from-the-npt-in-2025,logodds_noise_sigma_0.05,"(565.063, 172008.625]",False,108982.87647799999,4060,1.251910687241116e-07,0.11795298529247411
geopolitics-will-iran-withdraw-from-the-npt-in-2025,logodds_noise_sigma_0.1,"(565.063, 172008.625]",False,108982.87647799999,4060,3.6735804061965406e-08,0.03607716405624828
geopolitics-will-iran-withdraw-from-the-npt-in-2025,volume_mult_sigma_0.1,"(565.063, 172008.625]",False,108982.87647799999,4060,0.0,0.0
geopolitics-will-iran-withdraw-from-the-npt-in-2025,volume_mult_sigma_0.25,"(565.063, 172008.625]",False,108982.87647799999,4060,0.0,0.0
geopolitics-will-japanese-pm-apologize-for-china-comments-in-2025,round_decimals_3,"(565.063, 172008.625]",False,106655.523566,1486,0.0,0.0
geopolitics-will-japanese-pm-apologize-for-china-comments-in-2025,downsample_k_2,"(565.063, 172008.625]",False,106655.523566,1486,0.0,0.0
geopolitics-will-japanese-pm-apologize-for-china-comments-in-2025,downsample_k_5,"(565.063, 172008.625]",False,106655.523566,1486,0.0,0.0
geopolitics-will-japanese-pm-apologize-for-china-comments-in-2025,downsample_k_10,"(565.063, 172008.625]",False,106655.523566,1486,0.0,0.0
geopolitics-will-japanese-pm-apologize-for-china-comments-in-2025,logodds_noise_sigma_0.05,"(565.063, 172008.625]",False,106655.523566,1486,2.5420025378492553e-08,0.025102334930242165
geopolitics-will-japanese-pm-apologize-for-china-comments-in-2025,logodds_noise_sigma_0.1,"(565.063, 172008.625]",False,106655.523566,1486,3.7413270806871005e-08,0.036730412638801724
geopolitics-will-japanese-pm-apologize-for-china-comments-in-2025,volume_mult_sigma_0.1,"(565.063, 172008.625]",False,106655.523566,1486,0.0,0.0
geopolitics-will-japanese-pm-apologize-for-china-comments-in-2025,volume_mult_sigma_0.25,"(565.063, 172008.625]",False,106655.523566,1486,0.0,0.0
geopolitics-will-netanyahu-be-pardoned-in-2025,round_decimals_3,"(565.063, 172008.625]",False,127475.49205,1665,0.0,0.0
geopolitics-will-netanyahu-be-pardoned-in-2025,downsample_k_2,"(565.063, 172008.625]",False,127475.49205,1665,0.0,0.0
geopolitics-will-netanyahu-be-pardoned-in-2025,downsample_k_5,"(565.063, 172008.625]",False,127475.49205,1665,0.0,0.0
geopolitics-will-netanyahu-be-pardoned-in-2025,downsample_k_10,"(565.063, 172008.625]",False,127475.49205,1665,0.0,0.0
geopolitics-will-netanyahu-be-pardoned-in-2025,logodds_noise_sigma_0.05,"(565.063, 172008.625]",False,127475.49205,1665,4.320259513459444e-08,0.04229544305716004
geopolitics-will-netanyahu-be-pardoned-in-2025,logodds_noise_sigma_0.1,"(565.063, 172008.625]",False,127475.49205,1665,0.0,0.0
geopolitics-will-netanyahu-be-pardoned-in-2025,volume_mult_sigma_0.1,"(565.063, 172008.625]",False,127475.49205,1665,0.0,0.0
geopolitics-will-netanyahu-be-pardoned-in-2025,volume_mult_sigma_0.25,"(565.063, 172008.625]",False,127475.49205,1665,0.0,0.0
geopolitics-will-russia-capture-slovainsk-in-2025,round_decimals_3,"(440985.313, 1408240527.302]",False,442404.594803,4100,0.0,0.0
geopolitics-will-russia-capture-slovainsk-in-2025,downsample_k_2,"(440985.313, 1408240527.302]",False,442404.594803,4100,0.0,0.0
geopolitics-will-russia-capture-slovainsk-in-2025,downsample_k_5,"(440985.313, 1408240527.302]",False,442404.594803,4100,0.0,0.0
geopolitics-will-russia-capture-slovainsk-in-2025,downsample_k_10,"(440985.313, 1408240527.302]",False,442404.594803,4100,0.0,0.0
geopolitics-will-russia-capture-slovainsk-in-2025,logodds_noise_sigma_0.05,"(440985.313, 1408240527.302]",False,442404.594803,4100,6.378911221068952e-08,0.061837232254355
geopolitics-will-russia-capture-slovainsk-in-2025,logodds_noise_sigma_0.1,"(440985.313, 1408240527.302]",False,442404.594803,4100,2.73836287329455e-08,0.027015431650287525
geopolitics-will-russia-capture-slovainsk-in-2025,volume_mult_sigma_0.1,"(440985.313, 1408240527.302]",False,442404.594803,4100,0.0,0.0
geopolitics-will-russia-capture-slovainsk-in-2025,volume_mult_sigma_0.25,"(440985.313, 1408240527.302]",False,442404.594803,4100,0.0,0.0
geopolitics-will-the-us-invade-afghanistan-in-2025,round_decimals_3,"(565.063, 172008.625]",False,158825.61933999998,4814,0.0,0.0
geopolitics-will-the-us-invade-afghanistan-in-2025,downsample_k_2,"(565.063, 172008.625]",False,158825.61933999998,4814,0.0,0.0
geopolitics-will-the-us-invade-afghanistan-in-2025,downsample_k_5,"(565.063, 172008.625]",False,158825.61933999998,4814,0.0,0.0
geopolitics-will-the-us-invade-afghanistan-in-2025,downsample_k_10,"(565.063, 172008.625]",False,158825.61933999998,4814,0.0,0.0
geopolitics-will-the-us-invade-afghanistan-in-2025,logodds_noise_sigma_0.05,"(565.063, 172008.625]",False,158825.61933999998,4814,3.6003865311451575e-08,0.03537091082984212
geopolitics-will-the-us-invade-afghanistan-in-2025,logodds_noise_sigma_0.1,"(565.063, 172008.625]",False,158825.61933999998,4814,1.1041003849842936e-07,0.10472946157415741
geopolitics-will-the-us-invade-afghanistan-in-2025,volume_mult_sigma_0.1,"(565.063, 172008.625]",False,158825.61933999998,4814,0.0,0.0
geopolitics-will-the-us-invade-afghanistan-in-2025,volume_mult_sigma_0.25,"(565.063, 172008.625]",False,158825.61933999998,4814,0.0,0.0
geopolitics-will-trump-pardon-maduro-by-december-31,round_decimals_3,"(565.063, 172008.625]",False,126261.89199,1768,0.0,0.0
geopolitics-will-trump-pardon-maduro-by-december-31,downsample_k_2,"(565.063, 172008.625]",False,126261.89199,1768,0.0,0.0
geopolitics-will-trump-pardon-maduro-by-december-31,downsample_k_5,"(565.063, 172008.625]",False,126261.89199,1768,0.0,0.0
geopolitics-will-trump-pardon-maduro-by-december-31,downsample_k_10,"(565.063, 172008.625]",False,126261.89199,1768,0.0,0.0
geopolitics-will-trump-pardon-maduro-by-december-31,logodds_noise_sigma_0.05,"(565.063, 172008.625]",False,126261.89199,1768,6.1868676097942075e-09,0.0061678137056979665
geopolitics-will-trump-pardon-maduro-by-december-31,logodds_noise_sigma_0.1,"(565.063, 172008.625]",False,126261.89199,1768,0.0,0.0
geopolitics-will-trump-pardon-maduro-by-december-31,volume_mult_sigma_0.1,"(565.063, 172008.625]",False,126261.89199,1768,0.0,0.0
geopolitics-will-trump-pardon-maduro-by-december-31,volume_mult_sigma_0.25,"(565.063, 172008.625]",False,126261.89199,1768,0.0,0.0
politics-israel-strike-on-the-west-bank-by-december-31-586,round_decimals_3,"(172008.625, 440985.313]",False,299689.20630399993,1338,0.0,0.0
politics-israel-strike-on-the-west-bank-by-december-31-586,downsample_k_2,"(172008.625, 440985.313]",False,299689.20630399993,1338,0.0,0.0
politics-israel-strike-on-the-west-bank-by-december-31-586,downsample_k_5,"(172008.625, 440985.313]",False,299689.20630399993,1338,0.0,0.0
politics-israel-strike-on-the-west-bank-by-december-31-586,downsample_k_10,"(172008.625, 440985.313]",False,299689.20630399993,1338,0.0,0.0
politics-israel-strike-on-the-west-bank-by-december-31-586,logodds_noise_sigma_0.05,"(172008.625, 440985.313]",False,299689.20630399993,1338,0.0,0.0
politics-israel-strike-on-the-west-bank-by-december-31-586,logodds_noise_sigma_0.1,"(172008.625, 440985.313]",False,299689.20630399993,1338,0.0,0.0
politics-israel-strike-on-the-west-bank-by-december-31-586,volume_mult_sigma_0.1,"(172008.625, 440985.313]",False,299689.20630399993,1338,0.0,0.0
politics-israel-strike-on-the-west-bank-by-december-31-586,volume_mult_sigma_0.25,"(172008.625, 440985.313]",False,299689.20630399993,1338,0.0,0.0
politics-nicols-maduro-seen-in-public-by-january-5,round_decimals_3,"(440985.313, 1408240527.302]",False,1582409.7324390004,523,0.0,0.0
politics-nicols-maduro-seen-in-public-by-january-5,downsample_k_2,"(440985.313, 1408240527.302]",False,1582409.7324390004,523,0.0,0.0
politics-nicols-maduro-seen-in-public-by-january-5,downsample_k_5,"(440985.313, 1408240527.302]",False,1582409.7324390004,523,0.0,0.0
politics-nicols-maduro-seen-in-public-by-january-5,downsample_k_10,"(440985.313, 1408240527.302]",False,1582409.7324390004,523,0.0,0.0
politics-nicols-maduro-seen-in-public-by-january-5,logodds_noise_sigma_0.05,"(440985.313, 1408240527.302]",False,1582409.7324390004,523,0.0,0.0
politics-nicols-maduro-seen-in-public-by-january-5,logodds_noise_sigma_0.1,"(440985.313, 1408240527.302]",False,1582409.7324390004,523,1.1378988340471352e-07,0.10776862296424028
politics-nicols-maduro-seen-in-public-by-january-5,volume_mult_sigma_0.1,"(440985.313, 1408240527.302]",False,1582409.7324390004,523,0.0,0.0
politics-nicols-maduro-seen-in-public-by-january-5,volume_mult_sigma_0.25,"(440985.313, 1408240527.302]",False,1582409.7324390004,523,0.0,0.0
politics-us-anti-cartel-operation-on-foreign-soil-by-december-31,round_decimals_3,"(440985.313, 1408240527.302]",False,26909451.375286993,2091,0.0,0.0
politics-us-anti-cartel-operation-on-foreign-soil-by-december-31,downsample_k_2,"(440985.313, 1408240527.302]",False,26909451.375286993,2091,0.0,0.0
politics-us-anti-cartel-operation-on-foreign-soil-by-december-31,downsample_k_5,"(440985.313, 1408240527.302]",False,26909451.375286993,2091,0.0,0.0
politics-us-anti-cartel-operation-on-foreign-soil-by-december-31,downsample_k_10,"(440985.313, 1408240527.302]",False,26909451.375286993,2091,0.0,0.0
politics-us-anti-cartel-operation-on-foreign-soil-by-december-31,logodds_noise_sigma_0.05,"(440985.313, 1408240527.302]",False,26909451.375286993,2091,0.0,0.0
politics-us-anti-cartel-operation-on-foreign-soil-by-december-31,logodds_noise_sigma_0.1,"(440985.313, 1408240527.302]",False,26909451.375286993,2091,1.1615051720426095e-07,0.10988584305917826
politics-us-anti-cartel-operation-on-foreign-soil-by-december-31,volume_mult_sigma_0.1,"(440985.313, 1408240527.302]",False,26909451.375286993,2091,0.0,0.0
politics-us-anti-cartel-operation-on-foreign-soil-by-december-31,volume_mult_sigma_0.25,"(440985.313, 1408240527.302]",False,26909451.375286993,2091,0.0,0.0
politics-us-forces-in-iran-in-2025,round_decimals_3,"(172008.625, 440985.313]",False,427544.84866899997,4747,0.0,0.0
politics-us-forces-in-iran-in-2025,downsample_k_2,"(172008.625, 440985.313]",False,427544.84866899997,4747,0.0,0.0
politics-us-forces-in-iran-in-2025,downsample_k_5,"(172008.625, 440985.313]",False,427544.84866899997,4747,0.0,0.0
politics-us-forces-in-iran-in-2025,downsample_k_10,"(172008.625, 440985.313]",False,427544.84866899997,4747,0.0,0.0
politics-us-forces-in-iran-in-2025,logodds_noise_sigma_0.05,"(172008.625, 440985.313]",False,427544.84866899997,4747,7.700277510176733e-05,0.03933931117781242
politics-us-forces-in-iran-in-2025,logodds_noise_sigma_0.1,"(172008.625, 440985.313]",False,427544.84866899997,4747,0.00011043604730219493,0.053858066551508266
politics-us-forces-in-iran-in-2025,volume_mult_sigma_0.1,"(172008.625, 440985.313]",False,427544.84866899997,4747,0.0,0.0
politics-us-forces-in-iran-in-2025,volume_mult_sigma_0.25,"(172008.625, 440985.313]",False,427544.84866899997,4747,0.0,0.0
politics-will-alberta-vote-for-independence-in-2025,round_decimals_3,"(440985.313, 1408240527.302]",False,1036274.942425,5902,0.0,0.0
politics-will-alberta-vote-for-independence-in-2025,downsample_k_2,"(440985.313, 1408240527.302]",False,1036274.942425,5902,0.0,0.0
politics-will-alberta-vote-for-independence-in-2025,downsample_k_5,"(440985.313, 1408240527.302]",False,1036274.942425,5902,0.0,0.0
politics-will-alberta-vote-for-independence-in-2025,downsample_k_10,"(440985.313, 1408240527.302]",False,1036274.942425,5902,0.0,0.0
politics-will-alberta-vote-for-independence-in-2025,logodds_noise_sigma_0.05,"(440985.313, 1408240527.302]",False,1036274.942425,5902,0.00012461290231233777,0.060567312028458886
politics-will-alberta-vote-for-independence-in-2025,logodds_noise_sigma_0.1,"(440985.313, 1408240527.302]",False,1036274.942425,5902,0.00021182597089824712,0.11216440478255407
politics-will-alberta-vote-for-independence-in-2025,volume_mult_sigma_0.1,"(440985.313, 1408240527.302]",False,1036274.942425,5902,0.0,0.0
politics-will-alberta-vote-for-independence-in-2025,volume_mult_sigma_0.25,"(440985.313, 1408240527.302]",False,1036274.942425,5902,0.0,0.0
politics-will-trump-try-to-fire-powell-in-2025,round_decimals_3,"(440985.313, 1408240527.302]",False,460061.663907,4213,0.0,0.0
politics-will-trump-try-to-fire-powell-in-2025,downsample_k_2,"(440985.313, 1408240527.302]",False,460061.663907,4213,0.0,0.0
politics-will-trump-try-to-fire-powell-in-2025,downsample_k_5,"(440985.313, 1408240527.302]",False,460061.663907,4213,0.0,0.0
politics-will-trump-try-to-fire-powell-in-2025,downsample_k_10,"(440985.313, 1408240527.302]",False,460061.663907,4213,0.0,0.0
politics-will-trump-try-to-fire-powell-in-2025,logodds_noise_sigma_0.05,"(440985.313, 1408240527.302]",False,460061.663907,4213,3.795153221555097e-05,0.03872843607341281
politics-will-trump-try-to-fire-powell-in-2025,logodds_noise_sigma_0.1,"(440985.313, 1408240527.302]",False,460061.663907,4213,6.69480243795414e-05,0.06936138441992767
politics-will-trump-try-to-fire-powell-in-2025,volume_mult_sigma_0.1,"(440985.313, 1408240527.302]",False,460061.663907,4213,0.0,0.0
politics-will-trump-try-to-fire-powell-in-2025,volume_mult_sigma_0.25,"(440985.313, 1408240527.302]",False,460061.663907,4213,0.0,0.0
politics-will-venezuela-give-the-us-oil-by-january-31,round_decimals_3,"(440985.313, 1408240527.302]",False,14944097.06365492,446,0.0,0.0
politics-will-venezuela-give-the-us-oil-by-january-31,downsample_k_2,"(440985.313, 1408240527.302]",False,14944097.06365492,446,0.0,0.0
politics-will-venezuela-give-the-us-oil-by-january-31,downsample_k_5,"(440985.313, 1408240527.302]",False,14944097.06365492,446,0.0,0.0
politics-will-venezuela-give-the-us-oil-by-january-31,downsample_k_10,"(440985.313, 1408240527.302]",False,14944097.06365492,446,0.0,0.0
politics-will-venezuela-give-the-us-oil-by-january-31,logodds_noise_sigma_0.05,"(440985.313, 1408240527.302]",False,14944097.06365492,446,0.0024251010407386753,0.04814314610016179
politics-will-venezuela-give-the-us-oil-by-january-31,logodds_noise_sigma_0.1,"(440985.313, 1408240527.302]",False,14944097.06365492,446,0.0013747569416802108,0.028242507089939917
politics-will-venezuela-give-the-us-oil-by-january-31,volume_mult_sigma_0.1,"(440985.313, 1408240527.302]",False,14944097.06365492,446,0.0,0.0
politics-will-venezuela-give-the-us-oil-by-january-31,volume_mult_sigma_0.25,"(440985.313, 1408240527.302]",False,14944097.06365492,446,0.0,0.0
tech-fanduel-launches-prediction-markets-with-cme-by-end-of-2025,round_decimals_3,"(172008.625, 440985.313]",False,185050.75321,2398,0.0,0.0
tech-fanduel-launches-prediction-markets-with-cme-by-end-of-2025,downsample_k_2,"(172008.625, 440985.313]",False,185050.75321,2398,0.0,0.0
tech-fanduel-launches-prediction-markets-with-cme-by-end-of-2025,downsample_k_5,"(172008.625, 440985.313]",False,185050.75321,2398,0.0,0.0
tech-fanduel-launches-prediction-markets-with-cme-by-end-of-2025,downsample_k_10,"(172008.625, 440985.313]",False,185050.75321,2398,0.0,0.0
tech-fanduel-launches-prediction-markets-with-cme-by-end-of-2025,logodds_noise_sigma_0.05,"(172008.625, 440985.313]",False,185050.75321,2398,0.0,0.0
tech-fanduel-launches-prediction-markets-with-cme-by-end-of-2025,logodds_noise_sigma_0.1,"(172008.625, 440985.313]",False,185050.75321,2398,1.0809975237169311e-07,0.10264672158609578
tech-fanduel-launches-prediction-markets-with-cme-by-end-of-2025,volume_mult_sigma_0.1,"(172008.625, 440985.313]",False,185050.75321,2398,0.0,0.0
tech-fanduel-launches-prediction-markets-with-cme-by-end-of-2025,volume_mult_sigma_0.25,"(172008.625, 440985.313]",False,185050.75321,2398,0.0,0.0
tech-musk-no-longer-richest-person-in-the-world-by-end-of-year,round_decimals_3,"(440985.313, 1408240527.302]",False,58193351.82052519,4554,0.0,0.0
tech-musk-no-longer-richest-person-in-the-world-by-end-of-year,downsample_k_2,"(440985.313, 1408240527.302]",False,58193351.82052519,4554,0.0,0.0
tech-musk-no-longer-richest-person-in-the-world-by-end-of-year,downsample_k_5,"(440985.313, 1408240527.302]",False,58193351.82052519,4554,0.0,0.0
tech-musk-no-longer-richest-person-in-the-world-by-end-of-year,downsample_k_10,"(440985.313, 1408240527.302]",False,58193351.82052519,4554,0.0,0.0
tech-musk-no-longer-richest-person-in-the-world-by-end-of-year,logodds_noise_sigma_0.05,"(440985.313, 1408240527.302]",False,58193351.82052519,4554,3.5055453714141326e-05,0.017718281444828676
tech-musk-no-longer-richest-person-in-the-world-by-end-of-year,logodds_noise_sigma_0.1,"(440985.313, 1408240527.302]",False,58193351.82052519,4554,9.806163840882188e-05,0.04796497156877866
tech-musk-no-longer-richest-person-in-the-world-by-end-of-year,volume_mult_sigma_0.1,"(440985.313, 1408240527.302]",False,58193351.82052519,4554,0.0,0.0
tech-musk-no-longer-richest-person-in-the-world-by-end-of-year,volume_mult_sigma_0.25,"(440985.313, 1408240527.302]",False,58193351.82052519,4554,0.0,0.0
tech-musk-out-as-tesla-ceo-in-2025,round_decimals_3,"(440985.313, 1408240527.302]",False,15944652.259768002,6938,0.0,0.0
tech-musk-out-as-tesla-ceo-in-2025,downsample_k_2,"(440985.313, 1408240527.302]",False,15944652.259768002,6938,0.0,0.0
tech-musk-out-as-tesla-ceo-in-2025,downsample_k_5,"(440985.313, 1408240527.302]",False,15944652.259768002,6938,0.0,0.0
tech-musk-out-as-tesla-ceo-in-2025,downsample_k_10,"(440985.313, 1408240527.302]",False,15944652.259768002,6938,0.002,0.4074751590361885
tech-musk-out-as-tesla-ceo-in-2025,logodds_noise_sigma_0.05,"(440985.313, 1408240527.302]",False,15944652.259768002,6938,2.7401235725020047e-05,0.006854463830993751
tech-musk-out-as-tesla-ceo-in-2025,logodds_noise_sigma_0.1,"(440985.313, 1408240527.302]",False,15944652.259768002,6938,0.00011458810694790333,0.028359427401050574
tech-musk-out-as-tesla-ceo-in-2025,volume_mult_sigma_0.1,"(440985.313, 1408240527.302]",False,15944652.259768002,6938,0.0,0.0
tech-musk-out-as-tesla-ceo-in-2025,volume_mult_sigma_0.25,"(440985.313, 1408240527.302]",False,15944652.259768002,6938,0.0,0.0
tech-nothing-ever-happens-ai-edition,round_decimals_3,"(565.063, 172008.625]",False,168924.04155999998,2806,0.0,0.0
tech-nothing-ever-happens-ai-edition,downsample_k_2,"(565.063, 172008.625]",False,168924.04155999998,2806,0.0,0.0
tech-nothing-ever-happens-ai-edition,downsample_k_5,"(565.063, 172008.625]",False,168924.04155999998,2806,0.0,0.0
tech-nothing-ever-happens-ai-edition,downsample_k_10,"(565.063, 172008.625]",False,168924.04155999998,2806,0.0,0.0
tech-nothing-ever-happens-ai-edition,logodds_noise_sigma_0.05,"(565.063, 172008.625]",False,168924.04155999998,2806,0.0,0.0
tech-nothing-ever-happens-ai-edition,logodds_noise_sigma_0.1,"(565.063, 172008.625]",False,168924.04155999998,2806,0.0,0.0
tech-nothing-ever-happens-ai-edition,volume_mult_sigma_0.1,"(565.063, 172008.625]",False,168924.04155999998,2806,0.0,0.0
tech-nothing-ever-happens-ai-edition,volume_mult_sigma_0.25,"(565.063, 172008.625]",False,168924.04155999998,2806,0.0,0.0
tech-openai-announces-it-has-achieved-agi-in-2025,round_decimals_3,"(172008.625, 440985.313]",False,325361.69184200006,8334,0.0,0.0
tech-openai-announces-it-has-achieved-agi-in-2025,downsample_k_2,"(172008.625, 440985.313]",False,325361.69184200006,8334,0.0,0.0
tech-openai-announces-it-has-achieved-agi-in-2025,downsample_k_5,"(172008.625, 440985.313]",False,325361.69184200006,8334,0.0,0.0
tech-openai-announces-it-has-achieved-agi-in-2025,downsample_k_10,"(172008.625, 440985.313]",False,325361.69184200006,8334,0.0,0.0
tech-openai-announces-it-has-achieved-agi-in-2025,logodds_noise_sigma_0.05,"(172008.625, 440985.313]",False,325361.69184200006,8334,0.00022697644877136495,0.037359797143320606
tech-openai-announces-it-has-achieved-agi-in-2025,logodds_noise_sigma_0.1,"(172008.625, 440985.313]",False,325361.69184200006,8334,0.0009438505488292654,0.1721033509494143
tech-openai-announces-it-has-achieved-agi-in-2025,volume_mult_sigma_0.1,"(172008.625, 440985.313]",False,325361.69184200006,8334,0.0,0.0
tech-openai-announces-it-has-achieved-agi-in-2025,volume_mult_sigma_0.25,"(172008.625, 440985.313]",False,325361.69184200006,8334,0.0,0.0
tech-us-enacts-ai-safety-bill-in-2025,round_decimals_3,"(565.063, 172008.625]",False,95089.33000199999,8145,0.0,0.0
tech-us-enacts-ai-safety-bill-in-2025,downsample_k_2,"(565.063, 172008.625]",False,95089.33000199999,8145,0.0,0.0
tech-us-enacts-ai-safety-bill-in-2025,downsample_k_5,"(565.063, 172008.625]",False,95089.33000199999,8145,0.0,0.0
tech-us-enacts-ai-safety-bill-in-2025,downsample_k_10,"(565.063, 172008.625]",False,95089.33000199999,8145,0.0,0.0
tech-us-enacts-ai-safety-bill-in-2025,logodds_noise_sigma_0.05,"(565.063, 172008.625]",False,95089.33000199999,8145,0.00024884859765327005,0.01818712075796558
tech-us-enacts-ai-safety-bill-in-2025,logodds_noise_sigma_0.1,"(565.063, 172008.625]",False,95089.33000199999,8145,0.0016047451237472584,0.12336980907044204
tech-us-enacts-ai-safety-bill-in-2025,volume_mult_sigma_0.1,"(565.063, 172008.625]",False,95089.33000199999,8145,0.0,0.0
tech-us-enacts-ai-safety-bill-in-2025,volume_mult_sigma_0.25,"(565.063, 172008.625]",False,95089.33000199999,8145,0.0,0.0
tech-will-a-chinese-ai-model-become-1-in-2025,round_decimals_3,"(172008.625, 440985.313]",False,268209.86428800004,4493,0.0,0.0
tech-will-a-chinese-ai-model-become-1-in-2025,downsample_k_2,"(172008.625, 440985.313]",False,268209.86428800004,4493,0.0,0.0
tech-will-a-chinese-ai-model-become-1-in-2025,downsample_k_5,"(172008.625, 440985.313]",False,268209.86428800004,4493,0.0,0.0
tech-will-a-chinese-ai-model-become-1-in-2025,downsample_k_10,"(172008.625, 440985.313]",False,268209.86428800004,4493,0.0,0.0
tech-will-a-chinese-ai-model-become-1-in-2025,logodds_noise_sigma_0.05,"(172008.625, 440985.313]",False,268209.86428800004,4493,5.48121484327547e-05,0.05642645202652474
tech-will-a-chinese-ai-model-become-1-in-2025,logodds_noise_sigma_0.1,"(172008.625, 440985.313]",False,268209.86428800004,4493,8.492603982764371e-05,0.08159683327606349
tech-will-a-chinese-ai-model-become-1-in-2025,volume_mult_sigma_0.1,"(172008.625, 440985.313]",False,268209.86428800004,4493,0.0,0.0
tech-will-a-chinese-ai-model-become-1-in-2025,volume_mult_sigma_0.25,"(172008.625, 440985.313]",False,268209.86428800004,4493,0.0,0.0
tech-will-apple-release-a-new-product-line-in-2025,round_decimals_3,"(172008.625, 440985.313]",False,438146.749704,7084,0.0,0.0
tech-will-apple-release-a-new-product-line-in-2025,downsample_k_2,"(172008.625, 440985.313]",False,438146.749704,7084,0.0,0.0
tech-will-apple-release-a-new-product-line-in-2025,downsample_k_5,"(172008.625, 440985.313]",False,438146.749704,7084,0.002,0.6951531992868114
tech-will-apple-release-a-new-product-line-in-2025,downsample_k_10,"(172008.625, 440985.313]",False,438146.749704,7084,0.002,0.6951531992868114
tech-will-apple-release-a-new-product-line-in-2025,logodds_noise_sigma_0.05,"(172008.625, 440985.313]",False,438146.749704,7084,4.066339989912144e-05,0.020168516180167018
tech-will-apple-release-a-new-product-line-in-2025,logodds_noise_sigma_0.1,"(172008.625, 440985.313]",False,438146.749704,7084,0.00042118908237521037,0.2368971447539181
tech-will-apple-release-a-new-product-line-in-2025,volume_mult_sigma_0.1,"(172008.625, 440985.313]",False,438146.749704,7084,0.0,0.0
tech-will-apple-release-a-new-product-line-in-2025,volume_mult_sigma_0.25,"(172008.625, 440985.313]",False,438146.749704,7084,0.0,0.0
tech-will-apple-release-airtag-2-by-june-30,round_decimals_3,"(565.063, 172008.625]",False,565.064049,991,0.0,0.0
tech-will-apple-release-airtag-2-by-june-30,downsample_k_2,"(565.063, 172008.625]",False,565.064049,991,0.0,0.0
tech-will-apple-release-airtag-2-by-june-30,downsample_k_5,"(565.063, 172008.625]",False,565.064049,991,0.0,0.0
tech-will-apple-release-airtag-2-by-june-30,downsample_k_10,"(565.063, 172008.625]",False,565.064049,991,0.0,0.0
tech-will-apple-release-airtag-2-by-june-30,logodds_noise_sigma_0.05,"(565.063, 172008.625]",False,565.064049,991,0.011115663008309795,0.06266802327526744
tech-will-apple-release-airtag-2-by-june-30,logodds_noise_sigma_0.1,"(565.063, 172008.625]",False,565.064049,991,0.02058187531442368,0.11444626678937198
tech-will-apple-release-airtag-2-by-june-30,volume_mult_sigma_0.1,"(565.063, 172008.625]",False,565.064049,991,0.0,0.0
tech-will-apple-release-airtag-2-by-june-30,volume_mult_sigma_0.25,"(565.063, 172008.625]",False,565.064049,991,0.0,0.0
tech-will-polymarket-us-go-live-in-2025,round_decimals_3,"(440985.313, 1408240527.302]",False,1408240527.301742,4096,0.0,0.0
tech-will-polymarket-us-go-live-in-2025,downsample_k_2,"(440985.313, 1408240527.302]",False,1408240527.301742,4096,0.0,0.0
tech-will-polymarket-us-go-live-in-2025,downsample_k_5,"(440985.313, 1408240527.302]",False,1408240527.301742,4096,0.0,0.0
tech-will-polymarket-us-go-live-in-2025,downsample_k_10,"(440985.313, 1408240527.302]",False,1408240527.301742,4096,0.0,0.0
tech-will-polymarket-us-go-live-in-2025,logodds_noise_sigma_0.05,"(440985.313, 1408240527.302]",False,1408240527.301742,4096,7.401675623397441e-05,0.037784729575809806
tech-will-polymarket-us-go-live-in-2025,logodds_noise_sigma_0.1,"(440985.313, 1408240527.302]",False,1408240527.301742,4096,0.00035291366558942716,0.1628609207509495
tech-will-polymarket-us-go-live-in-2025,volume_mult_sigma_0.1,"(440985.313, 1408240527.302]",False,1408240527.301742,4096,0.0,0.0
tech-will-polymarket-us-go-live-in-2025,volume_mult_sigma_0.25,"(440985.313, 1408240527.302]",False,1408240527.301742,4096,0.0,0.0
tech-x-relaunches-vine-in-2025,round_decimals_3,"(565.063, 172008.625]",False,150190.691401,4281,0.0,0.0
tech-x-relaunches-vine-in-2025,downsample_k_2,"(565.063, 172008.625]",False,150190.691401,4281,0.0,0.0
tech-x-relaunches-vine-in-2025,downsample_k_5,"(565.063, 172008.625]",False,150190.691401,4281,0.0,0.0
tech-x-relaunches-vine-in-2025,downsample_k_10,"(565.063, 172008.625]",False,150190.691401,4281,0.0,0.0
tech-x-relaunches-vine-in-2025,logodds_noise_sigma_0.05,"(565.063, 172008.625]",False,150190.691401,4281,9.687337950338974e-08,0.09246384716865563
tech-x-relaunches-vine-in-2025,logodds_noise_sigma_0.1,"(565.063, 172008.625]",False,150190.691401,4281,0.0,0.0
tech-x-relaunches-vine-in-2025,volume_mult_sigma_0.1,"(565.063, 172008.625]",False,150190.691401,4281,0.0,0.0
tech-x-relaunches-vine-in-2025,volume_mult_sigma_0.25,"(565.063, 172008.625]",False,150190.691401,4281,0.0,0.0
world-german-government-files-appeal-to-ban-afd-in-2025,round_decimals_3,"(565.063, 172008.625]",False,137249.892402,5832,0.0,0.0
world-german-government-files-appeal-to-ban-afd-in-2025,downsample_k_2,"(565.063, 172008.625]",False,137249.892402,5832,0.0,0.0
world-german-government-files-appeal-to-ban-afd-in-2025,downsample_k_5,"(565.063, 172008.625]",False,137249.892402,5832,0.0,0.0
world-german-government-files-appeal-to-ban-afd-in-2025,downsample_k_10,"(565.063, 172008.625]",False,137249.892402,5832,0.0,0.0
world-german-government-files-appeal-to-ban-afd-in-2025,logodds_noise_sigma_0.05,"(565.063, 172008.625]",False,137249.892402,5832,0.0003015692029613784,0.07298835210125887
world-german-government-files-appeal-to-ban-afd-in-2025,logodds_noise_sigma_0.1,"(565.063, 172008.625]",False,137249.892402,5832,0.00025798992542700773,0.06693043346334893
world-german-government-files-appeal-to-ban-afd-in-2025,volume_mult_sigma_0.1,"(565.063, 172008.625]",False,137249.892402,5832,0.0,0.0
world-german-government-files-appeal-to-ban-afd-in-2025,volume_mult_sigma_0.25,"(565.063, 172008.625]",False,137249.892402,5832,0.0,0.0
world-iran-nuclear-test-in-2025,round_decimals_3,"(172008.625, 440985.313]",False,204652.662825,4900,0.0,0.0
world-iran-nuclear-test-in-2025,downsample_k_2,"(172008.625, 440985.313]",False,204652.662825,4900,0.0,0.0
world-iran-nuclear-test-in-2025,downsample_k_5,"(172008.625, 440985.313]",False,204652.662825,4900,0.0,0.0
world-iran-nuclear-test-in-2025,downsample_k_10,"(172008.625, 440985.313]",False,204652.662825,4900,0.0,0.0
world-iran-nuclear-test-in-2025,logodds_noise_sigma_0.05,"(172008.625, 440985.313]",False,204652.662825,4900,0.0,0.0
world-iran-nuclear-test-in-2025,logodds_noise_sigma_0.1,"(172008.625, 440985.313]",False,204652.662825,4900,0.0,0.0
world-iran-nuclear-test-in-2025,volume_mult_sigma_0.1,"(172008.625, 440985.313]",False,204652.662825,4900,0.0,0.0
world-iran-nuclear-test-in-2025,volume_mult_sigma_0.25,"(172008.625, 440985.313]",False,204652.662825,4900,0.0,0.0
world-maduro-travels-outside-venezuela-by-march-31,round_decimals_3,"(172008.625, 440985.313]",False,240619.20417400007,1381,0.0,0.0
world-maduro-travels-outside-venezuela-by-march-31,downsample_k_2,"(172008.625, 440985.313]",False,240619.20417400007,1381,0.0,0.0
world-maduro-travels-outside-venezuela-by-march-31,downsample_k_5,"(172008.625, 440985.313]",False,240619.20417400007,1381,0.0,0.0
world-maduro-travels-outside-venezuela-by-march-31,downsample_k_10,"(172008.625, 440985.313]",False,240619.20417400007,1381,0.0,0.0
world-maduro-travels-outside-venezuela-by-march-31,logodds_noise_sigma_0.05,"(172008.625, 440985.313]",False,240619.20417400007,1381,0.0,0.0
world-maduro-travels-outside-venezuela-by-march-31,logodds_noise_sigma_0.1,"(172008.625, 440985.313]",False,240619.20417400007,1381,1.360119605831045e-08,0.013509543635091603
world-maduro-travels-outside-venezuela-by-march-31,volume_mult_sigma_0.1,"(172008.625, 440985.313]",False,240619.20417400007,1381,0.0,0.0
world-maduro-travels-outside-venezuela-by-march-31,volume_mult_sigma_0.25,"(172008.625, 440985.313]",False,240619.20417400007,1381,0.0,0.0
world-north-korea-missile-launch-by-january-31-661,round_decimals_3,"(565.063, 172008.625]",False,28338.665994999996,475,0.0,0.0
world-north-korea-missile-launch-by-january-31-661,downsample_k_2,"(565.063, 172008.625]",False,28338.665994999996,475,0.0,0.0
world-north-korea-missile-launch-by-january-31-661,downsample_k_5,"(565.063, 172008.625]",False,28338.665994999996,475,0.020000000000000004,0.19695321906201846
world-north-korea-missile-launch-by-january-31-661,downsample_k_10,"(565.063, 172008.625]",False,28338.665994999996,475,0.020000000000000004,0.19695321906201846
world-north-korea-missile-launch-by-january-31-661,logodds_noise_sigma_0.05,"(565.063, 172008.625]",False,28338.665994999996,475,0.0018264840147966671,0.019288372752969796
world-north-korea-missile-launch-by-january-31-661,logodds_noise_sigma_0.1,"(565.063, 172008.625]",False,28338.665994999996,475,0.0059582149877732415,0.061872820333360945
world-north-korea-missile-launch-by-january-31-661,volume_mult_sigma_0.1,"(565.063, 172008.625]",False,28338.665994999996,475,0.0,0.0
world-north-korea-missile-launch-by-january-31-661,volume_mult_sigma_0.25,"(565.063, 172008.625]",False,28338.665994999996,475,0.0,0.0
world-us-agrees-to-give-ukraine-security-guarantee-in-2025,round_decimals_3,"(172008.625, 440985.313]",False,209075.960154,3480,0.0,0.0
world-us-agrees-to-give-ukraine-security-guarantee-in-2025,downsample_k_2,"(172008.625, 440985.313]",False,209075.960154,3480,0.0,0.0
world-us-agrees-to-give-ukraine-security-guarantee-in-2025,downsample_k_5,"(172008.625, 440985.313]",False,209075.960154,3480,0.0,0.0
world-us-agrees-to-give-ukraine-security-guarantee-in-2025,downsample_k_10,"(172008.625, 440985.313]",False,209075.960154,3480,0.0,0.0
world-us-agrees-to-give-ukraine-security-guarantee-in-2025,logodds_noise_sigma_0.05,"(172008.625, 440985.313]",False,209075.960154,3480,2.7678519947344592e-08,0.027302422016610706
world-us-agrees-to-give-ukraine-security-guarantee-in-2025,logodds_noise_sigma_0.1,"(172008.625, 440985.313]",False,209075.960154,3480,7.83513570426657e-08,0.07543343191010798
world-us-agrees-to-give-ukraine-security-guarantee-in-2025,volume_mult_sigma_0.1,"(172008.625, 440985.313]",False,209075.960154,3480,0.0,0.0
world-us-agrees-to-give-ukraine-security-guarantee-in-2025,volume_mult_sigma_0.25,"(172008.625, 440985.313]",False,209075.960154,3480,0.0,0.0
world-will-china-unban-bitcoin-in-2025,round_decimals_3,"(440985.313, 1408240527.302]",False,30001083.11908503,4518,0.0,0.0
world-will-china-unban-bitcoin-in-2025,downsample_k_2,"(440985.313, 1408240527.302]",False,30001083.11908503,4518,0.0,0.0
world-will-china-unban-bitcoin-in-2025,downsample_k_5,"(440985.313, 1408240527.302]",False,30001083.11908503,4518,0.0,0.0
world-will-china-unban-bitcoin-in-2025,downsample_k_10,"(440985.313, 1408240527.302]",False,30001083.11908503,4518,0.0,0.0
world-will-china-unban-bitcoin-in-2025,logodds_noise_sigma_0.05,"(440985.313, 1408240527.302]",False,30001083.11908503,4518,1.7215151602812627e-08,0.01706866707196042
world-will-china-unban-bitcoin-in-2025,logodds_noise_sigma_0.1,"(440985.313, 1408240527.302]",False,30001083.11908503,4518,0.0,0.0
world-will-china-unban-bitcoin-in-2025,volume_mult_sigma_0.1,"(440985.313, 1408240527.302]",False,30001083.11908503,4518,0.0,0.0
world-will-china-unban-bitcoin-in-2025,volume_mult_sigma_0.25,"(440985.313, 1408240527.302]",False,30001083.11908503,4518,0.0,0.0
world-will-north-and-south-korea-engage-in-direct-talks-in-2025,round_decimals_3,"(172008.625, 440985.313]",False,184121.356318,5142,0.0,0.0
world-will-north-and-south-korea-engage-in-direct-talks-in-2025,downsample_k_2,"(172008.625, 440985.313]",False,184121.356318,5142,0.0,0.0
world-will-north-and-south-korea-engage-in-direct-talks-in-2025,downsample_k_5,"(172008.625, 440985.313]",False,184121.356318,5142,0.0,0.0
world-will-north-and-south-korea-engage-in-direct-talks-in-2025,downsample_k_10,"(172008.625, 440985.313]",False,184121.356318,5142,0.0,0.0
world-will-north-and-south-korea-engage-in-direct-talks-in-2025,logodds_noise_sigma_0.05,"(172008.625, 440985.313]",False,184121.356318,5142,0.0,0.0
world-will-north-and-south-korea-engage-in-direct-talks-in-2025,logodds_noise_sigma_0.1,"(172008.625, 440985.313]",False,184121.356318,5142,0.0,0.0
world-will-north-and-south-korea-engage-in-direct-talks-in-2025,volume_mult_sigma_0.1,"(172008.625, 440985.313]",False,184121.356318,5142,0.0,0.0
world-will-north-and-south-korea-engage-in-direct-talks-in-2025,volume_mult_sigma_0.25,"(172008.625, 440985.313]",False,184121.356318,5142,0.0,0.0
world-will-russia-announce-a-christmas-truce,round_decimals_3,"(440985.313, 1408240527.302]",False,458738.607631,1080,0.0,0.0
world-will-russia-announce-a-christmas-truce,downsample_k_2,"(440985.313, 1408240527.302]",False,458738.607631,1080,0.0,0.0
world-will-russia-announce-a-christmas-truce,downsample_k_5,"(440985.313, 1408240527.302]",False,458738.607631,1080,0.0,0.0
world-will-russia-announce-a-christmas-truce,downsample_k_10,"(440985.313, 1408240527.302]",False,458738.607631,1080,0.0,0.0
world-will-russia-announce-a-christmas-truce,logodds_noise_sigma_0.05,"(440985.313, 1408240527.302]",False,458738.607631,1080,0.00013480524463567586,0.06536332616758767
world-will-russia-announce-a-christmas-truce,logodds_noise_sigma_0.1,"(440985.313, 1408240527.302]",False,458738.607631,1080,2.8267199863844013e-05,0.014262753894839442
world-will-russia-announce-a-christmas-truce,volume_mult_sigma_0.1,"(440985.313, 1408240527.302]",False,458738.607631,1080,0.0,0.0
world-will-russia-announce-a-christmas-truce,volume_mult_sigma_0.25,"(440985.313, 1408240527.302]",False,458738.607631,1080,0.0,0.0
world-will-the-iranian-regime-fall-in-2025,round_decimals_3,"(440985.313, 1408240527.302]",False,131327482.38061494,4838,0.0,0.0
world-will-the-iranian-regime-fall-in-2025,downsample_k_2,"(440985.313, 1408240527.302]",False,131327482.38061494,4838,0.0,0.0
world-will-the-iranian-regime-fall-in-2025,downsample_k_5,"(440985.313, 1408240527.302]",False,131327482.38061494,4838,0.0,0.0
world-will-the-iranian-regime-fall-in-2025,downsample_k_10,"(440985.313, 1408240527.302]",False,131327482.38061494,4838,0.0,0.0
world-will-the-iranian-regime-fall-in-2025,logodds_noise_sigma_0.05,"(440985.313, 1408240527.302]",False,131327482.38061494,4838,0.0,0.0
world-will-the-iranian-regime-fall-in-2025,logodds_noise_sigma_0.1,"(440985.313, 1408240527.302]",False,131327482.38061494,4838,3.5021345148253755e-08,0.0344220848577006
world-will-the-iranian-regime-fall-in-2025,volume_mult_sigma_0.1,"(440985.313, 1408240527.302]",False,131327482.38061494,4838,0.0,0.0
world-will-the-iranian-regime-fall-in-2025,volume_mult_sigma_0.25,"(440985.313, 1408240527.302]",False,131327482.38061494,4838,0.0,0.0
world-will-ukraine-agree-to-cede-territory-to-russia,round_decimals_3,"(440985.313, 1408240527.302]",False,30335527.584017046,6958,0.0,0.0
world-will-ukraine-agree-to-cede-territory-to-russia,downsample_k_2,"(440985.313, 1408240527.302]",False,30335527.584017046,6958,0.002,0.15617702297249103
world-will-ukraine-agree-to-cede-territory-to-russia,downsample_k_5,"(440985.313, 1408240527.302]",False,30335527.584017046,6958,0.002,0.15617702297249103
world-will-ukraine-agree-to-cede-territory-to-russia,downsample_k_10,"(440985.313, 1408240527.302]",False,30335527.584017046,6958,0.006,0.6992016894686515
world-will-ukraine-agree-to-cede-territory-to-russia,logodds_noise_sigma_0.05,"(440985.313, 1408240527.302]",False,30335527.584017046,6958,3.564892446068085e-05,0.0030024223241200687
world-will-ukraine-agree-to-cede-territory-to-russia,logodds_noise_sigma_0.1,"(440985.313, 1408240527.302]",False,30335527.584017046,6958,0.0005170048010916858,0.04456253444452862
world-will-ukraine-agree-to-cede-territory-to-russia,volume_mult_sigma_0.1,"(440985.313, 1408240527.302]",False,30335527.584017046,6958,0.0,0.0
world-will-ukraine-agree-to-cede-territory-to-russia,volume_mult_sigma_0.25,"(440985.313, 1408240527.302]",False,30335527.584017046,6958,0.0,0.0
